"Time","Food delivery"
"2026-01-01",0
"2026-01-02",82
"2026-01-03",0
"2026-01-04",0
"2026-01-05",0
"2026-01-06",100
"2026-01-07",86
"2026-01-08",0
"2026-01-09",74
"2026-01-10",0
"2026-01-11",86
"2026-01-12",79
"2026-01-13",65
"2026-01-14",68
"2026-01-15",65
"2026-01-16",72
"2026-01-17",0
"2026-01-18",79
"2026-01-19",0
"2026-01-20",66
"2026-01-21",0
"2026-01-22",81
"2026-01-23",70
"2026-01-24",0
"2026-01-25",0
"2026-01-26",75
"2026-01-27",0
"2026-01-28",0
"2026-01-29",86
"2026-01-30",0
"2026-01-31",0
"2026-02-01",78