dia_periodo,Tmed,Tmax,Tmin,Chuva
0,16.566666666666666,20.80666666666667,13.19,1.0166666666666666
1,16.366666666666667,20.513333333333332,13.126666666666667,1.4666666666666666
2,16.453333333333333,20.793333333333333,13.063333333333333,2.14
3,16.593333333333334,21.44333333333333,12.973333333333333,1.846666666666667
4,16.943333333333335,21.459999999999997,13.386666666666667,3.64
5,17.30666666666667,22.323333333333334,13.393333333333334,2.3766666666666665
6,17.12,21.946666666666665,13.483333333333333,2.99
7,16.703333333333333,21.416666666666668,13.04,1.4233333333333333
8,16.756666666666668,21.566666666666666,13.0,0.6766666666666666
9,16.906666666666666,21.823333333333334,13.196666666666665,1.37
10,16.93,21.853333333333335,13.276666666666667,0.8433333333333334
11,16.716666666666665,21.44333333333333,12.926666666666668,0.91
12,16.6,21.703333333333333,12.756666666666666,0.8333333333333334
13,16.60333333333333,21.666666666666668,12.686666666666667,1.1099999999999999
14,16.7,21.71333333333333,13.043333333333333,2.07
15,16.669999999999998,21.82,12.696666666666665,0.12666666666666668
16,17.290000000000003,22.813333333333333,13.123333333333333,0.48333333333333334
17,17.066666666666666,22.646666666666665,12.923333333333334,1.55
18,16.91,21.703333333333333,13.32,1.1733333333333333
19,16.743333333333332,21.12,13.379999999999999,3.24
20,16.743333333333332,21.283333333333335,13.136666666666667,2.106666666666667
21,16.436666666666667,21.240000000000002,12.67,0.7366666666666666
22,16.493333333333332,21.66,12.613333333333333,0.9
23,16.773333333333333,21.970000000000002,12.75,2.716666666666667
24,16.896666666666665,21.683333333333334,13.180000000000001,2.013333333333333
25,16.84,21.653333333333332,13.233333333333333,1.4833333333333334
26,16.353333333333335,21.52,12.306666666666667,1.7166666666666666
27,16.423333333333332,21.686666666666667,12.35,0.2
28,16.73,21.990000000000002,12.653333333333334,0.5766666666666667
29,16.803333333333335,21.56,12.946666666666665,0.8233333333333334
30,16.796666666666667,21.916666666666668,12.736666666666668,1.2366666666666666
31,17.14,22.65666666666667,12.879999999999999,0.9766666666666666
32,17.05,22.126666666666665,13.229999999999999,0.7866666666666667
33,16.693333333333335,21.676666666666666,13.013333333333332,2.8299999999999996
34,16.416666666666668,21.573333333333334,12.426666666666668,1.2466666666666666
35,16.833333333333332,22.220000000000002,12.653333333333334,0.44666666666666666
36,16.49,21.796666666666667,12.296666666666665,1.8
37,16.173333333333332,20.876666666666665,12.236666666666668,3.143333333333333
38,16.006666666666668,21.096666666666668,12.153333333333334,2.2333333333333334
39,15.979999999999999,20.936666666666667,11.99,2.0033333333333334
40,16.063333333333333,20.913333333333334,12.253333333333334,1.1233333333333335
41,15.446666666666665,20.226666666666667,11.733333333333333,1.05
42,15.933333333333334,21.383333333333333,11.639999999999999,0.9733333333333334
43,16.096666666666668,21.3,11.95,0.7633333333333333
44,16.216666666666665,21.386666666666667,12.203333333333335,1.18
45,16.313333333333333,21.323333333333334,12.263333333333332,2.5733333333333333
46,16.203333333333333,21.66,12.143333333333334,3.2933333333333334
47,16.226666666666667,21.476666666666667,12.196666666666665,1.2033333333333334
48,15.926666666666668,20.983333333333334,11.92,1.6400000000000001
49,16.61,22.183333333333334,12.006666666666666,0.37000000000000005
50,16.996666666666666,22.996666666666666,12.19,1.3299999999999998
51,16.766666666666666,21.86,12.633333333333333,0.9233333333333333
52,16.15,21.09333333333333,12.29,4.569999999999999
53,15.856666666666666,21.163333333333334,12.01,3.05
54,16.093333333333334,21.09333333333333,12.129999999999999,3.54
55,16.153333333333332,21.383333333333333,12.023333333333333,0.4433333333333333
56,16.303333333333335,21.916666666666668,11.906666666666666,0.9599999999999999
57,16.343333333333334,21.64333333333333,12.26,1.13
58,16.32,21.726666666666667,11.976666666666667,1.3733333333333333
59,16.313333333333333,21.683333333333334,12.223333333333333,1.3
60,16.3,21.7,12.076666666666666,0.81
61,16.783333333333335,22.776666666666664,12.316666666666666,1.0233333333333332
62,16.583333333333332,21.9,12.336666666666668,0.6833333333333333
63,16.066666666666666,20.693333333333335,12.203333333333335,2.2
64,15.803333333333333,20.83,11.876666666666667,0.3766666666666667
65,15.91,21.003333333333334,12.0,1.3733333333333335
66,16.880000000000003,22.65,12.406666666666666,0.9066666666666666
67,17.576666666666664,23.886666666666667,12.770000000000001,1.0933333333333333
68,17.35,22.816666666666666,13.09,2.1266666666666665
69,17.596666666666668,23.009999999999998,13.386666666666667,1.7733333333333334
70,16.563333333333333,21.506666666666668,12.496666666666666,1.0733333333333335
71,15.773333333333333,20.816666666666666,11.896666666666667,0.3266666666666666
72,16.61,22.34333333333333,11.976666666666667,0.23
73,17.44,23.506666666666668,12.506666666666666,0.36333333333333334
74,16.806666666666665,22.62,12.426666666666668,0.7966666666666666
75,16.81,22.14333333333333,12.54,0.3233333333333333
76,16.733333333333334,21.91,12.786666666666667,0.6766666666666666
77,16.9,22.136666666666667,12.723333333333333,1.2
78,17.15,22.66,13.020000000000001,1.3
79,17.433333333333334,22.993333333333332,13.196666666666665,1.0166666666666666
80,17.416666666666668,22.793333333333333,13.163333333333332,2.0466666666666664
81,16.576666666666668,21.646666666666665,12.55,3.32
82,16.916666666666668,22.31,12.753333333333334,1.2166666666666666
83,17.883333333333333,24.10666666666667,13.229999999999999,1.1066666666666667
84,17.94333333333333,23.473333333333336,13.626666666666667,1.65
85,18.12,23.913333333333334,13.41,0.9566666666666667
86,18.246666666666666,24.226666666666667,13.583333333333334,0.3
87,18.023333333333333,23.816666666666666,13.793333333333333,0.6833333333333333
88,17.709999999999997,23.403333333333332,13.393333333333334,2.45
89,17.886666666666667,23.653333333333332,13.706666666666667,0.43666666666666665
90,18.7,24.77,13.883333333333333,0.2633333333333333
91,19.103333333333335,25.41,14.286666666666667,1.85
92,18.94,24.80666666666667,14.353333333333333,2.2199999999999998
93,18.653333333333332,24.40666666666667,14.110000000000001,1.74
94,18.186666666666667,23.976666666666667,13.633333333333333,1.7100000000000002
95,17.576666666666664,22.846666666666668,13.573333333333332,0.9433333333333334
96,17.59333333333333,22.94333333333333,13.663333333333334,1.2433333333333332
97,17.863333333333333,23.15,13.69,3.006666666666667
98,18.65666666666667,24.483333333333334,14.166666666666666,1.5566666666666669
99,19.003333333333334,24.85666666666667,14.406666666666666,2.5799999999999996
100,19.009999999999998,24.396666666666665,14.596666666666666,4.133333333333334
101,18.653333333333332,23.953333333333333,14.406666666666666,2.8
102,18.883333333333333,24.44,14.536666666666667,3.65
103,18.68,24.27,14.466666666666667,1.64
104,19.243333333333332,25.21333333333333,14.71,0.75
105,19.663333333333334,25.203333333333333,15.393333333333334,2.6633333333333336
106,19.18,24.55,15.0,4.133333333333334
107,18.1,23.17,14.473333333333333,1.3
108,18.283333333333335,23.51,14.5,1.4666666666666666
109,19.073333333333334,24.60666666666667,15.123333333333333,1.25
110,19.59,25.709999999999997,15.103333333333333,3.5833333333333335
111,19.206666666666667,24.353333333333335,15.156666666666666,4.36
